<?xml version="1.0" encoding="UTF-8"?>
<project-private xmlns="http://www.netbeans.org/ns/project-private/1">
    <editor-bookmarks xmlns="http://www.netbeans.org/ns/editor-bookmarks/2" lastBookmarkId="0"/>
    <open-files xmlns="http://www.netbeans.org/ns/projectui-open-files/2">
        <group>
            <file>file:/D:/Semester2/FINAL-PROJECT-2NDSEM/newFinalProject%20(1)/newFinalProject/FinalProject/src/AppointmentApp/SeatSlotFrame.java</file>
            <file>file:/D:/Semester2/FINAL-PROJECT-2NDSEM/newFinalProject%20(1)/newFinalProject/FinalProject/src/AppointmentApp/UserFrame.java</file>
            <file>file:/D:/Semester2/FINAL-PROJECT-2NDSEM/newFinalProject%20(1)/newFinalProject/FinalProject/src/AppointmentApp/SeatSlotFrame2.java</file>
            <file>file:/D:/Semester2/FINAL-PROJECT-2NDSEM/newFinalProject%20(1)/newFinalProject/FinalProject/src/AppointmentApp/VerifyingFrame.java</file>
            <file>file:/D:/Semester2/FINAL-PROJECT-2NDSEM/newFinalProject%20(1)/newFinalProject/FinalProject/src/AppointmentApp/CancellationFrame.java</file>
            <file>file:/D:/Semester2/FINAL-PROJECT-2NDSEM/newFinalProject%20(1)/newFinalProject/FinalProject/src/AppointmentApp/Model/LicenseType.java</file>
            <file>file:/D:/Semester2/FINAL-PROJECT-2NDSEM/newFinalProject%20(1)/newFinalProject/FinalProject/src/AppointmentApp/Model/Branch.java</file>
            <file>file:/D:/Semester2/FINAL-PROJECT-2NDSEM/newFinalProject%20(1)/newFinalProject/FinalProject/src/AppointmentApp/Model/TimeSlot.java</file>
            <file>file:/D:/Semester2/FINAL-PROJECT-2NDSEM/newFinalProject%20(1)/newFinalProject/FinalProject/src/AppointmentApp/Model/User.java</file>
            <file>file:/D:/Semester2/FINAL-PROJECT-2NDSEM/newFinalProject%20(1)/newFinalProject/FinalProject/src/AppointmentApp/Model/Appointment.java</file>
            <file>file:/D:/Semester2/FINAL-PROJECT-2NDSEM/newFinalProject%20(1)/newFinalProject/FinalProject/src/AppointmentApp/Model/SeatSlot.java</file>
            <file>file:/D:/Semester2/FINAL-PROJECT-2NDSEM/newFinalProject%20(1)/newFinalProject/FinalProject/src/AppointmentApp/LicenseTypeFrame.java</file>
            <file>file:/D:/Semester2/FINAL-PROJECT-2NDSEM/newFinalProject%20(1)/newFinalProject/FinalProject/src/AppointmentApp/BranchFrame.java</file>
            <file>file:/D:/Semester2/FINAL-PROJECT-2NDSEM/newFinalProject%20(1)/newFinalProject/FinalProject/src/AppointmentApp/TimeSlotAvailibilityFrame.java</file>
            <file>file:/D:/Semester2/FINAL-PROJECT-2NDSEM/newFinalProject%20(1)/newFinalProject/FinalProject/src/AppointmentApp/TokenFrame.java</file>
            <file>file:/D:/Semester2/FINAL-PROJECT-2NDSEM/newFinalProject%20(1)/newFinalProject/FinalProject/src/AppointmentApp/TimingInterface.java</file>
            <file>file:/D:/Semester2/FINAL-PROJECT-2NDSEM/newFinalProject%20(1)/newFinalProject/FinalProject/src/AppointmentApp/SeatSlotFrame03.java</file>
            <file>file:/D:/Semester2/FINAL-PROJECT-2NDSEM/newFinalProject%20(1)/newFinalProject/FinalProject/src/AppointmentApp/DrivingLicense.java</file>
            <file>file:/D:/Semester2/FINAL-PROJECT-2NDSEM/newFinalProject%20(1)/newFinalProject/FinalProject/src/AppointmentApp/ResultFrame.java</file>
            <file>file:/D:/Semester2/FINAL-PROJECT-2NDSEM/newFinalProject%20(1)/newFinalProject/FinalProject/src/AppointmentApp/Verification.java</file>
        </group>
    </open-files>
</project-private>
